﻿[
    {
        "MaSV": "21661069",
        "HoTen": "Trần Phạm Tuấn Anh",
        "Lop": "17CSI01",
        "GioiTinh": "Nam",
        "NgaySinh": "06/10/2003"
    },
    {
        "MaSV": "21662020",
        "HoTen": "Nguyễn Chí Bảo",
        "Lop": "17CSI01",
        "GioiTinh": "Nam",
        "NgaySinh": "23/06/2003"
    },
    {
        "MaSV": "21661037",
        "HoTen": "Phan Hoài Bảo",
        "Lop": "17CSI01",
        "GioiTinh": "Nam",
        "NgaySinh": "22/06/2003"
    },
    {
        "MaSV": "21661045",
        "HoTen": "Nguyễn Gia Đạt",
        "Lop": "17CSI01",
        "GioiTinh": "Nam",
        "NgaySinh": "15/07/2003"
    },
    {
        "MaSV": "21662036",
        "HoTen": "Mai Ngọc Đức",
        "Lop": "17CSI01",
        "GioiTinh": "Nam",
        "NgaySinh": "11/03/2003"
    },
    {
        "MaSV": "21662031",
        "HoTen": "NGUYỄN ĐẶNG THANH DUY",
        "Lop": "17CSI01",
        "GioiTinh": "Nam",
        "NgaySinh": "23/11/2003"
    },
    {
        "MaSV": "21661072",
        "HoTen": "Đỗ Lê Kỳ Duyên",
        "Lop": "17CSI01",
        "GioiTinh": "Nữ",
        "NgaySinh": "07/02/2003"
    },
    {
        "MaSV": "21662005",
        "HoTen": "Phạm Nguyễn Hồng Hải",
        "Lop": "17CSI01",
        "GioiTinh": "Nam",
        "NgaySinh": "19/10/2003"
    },
    {
        "MaSV": "21662007",
        "HoTen": "Tạ Thị Ngọc Hân",
        "Lop": "17CSI01",
        "GioiTinh": "Nữ",
        "NgaySinh": "23/08/2001"
    },
    {
        "MaSV": "21661050",
        "HoTen": "Võ Thị Xuân Hoa",
        "Lop": "17CSI01",
        "GioiTinh": "Nữ",
        "NgaySinh": "07/07/2002"
    },
    {
        "MaSV": "21662006",
        "HoTen": "Ngô Tấn Hưng",
        "Lop": "17CSI01",
        "GioiTinh": "Nam",
        "NgaySinh": "02/01/1999"
    },
    {
        "MaSV": "21662013",
        "HoTen": "Hồ Khắc Huy",
        "Lop": "17CSI01",
        "GioiTinh": "Nam",
        "NgaySinh": "24/05/2003"
    },
    {
        "MaSV": "21662016",
        "HoTen": "Nguyễn Quốc Huy",
        "Lop": "17CSI01",
        "GioiTinh": "Nam",
        "NgaySinh": "14/10/2003"
    },
    {
        "MaSV": "21661044",
        "HoTen": "Lê Quốc Khánh",
        "Lop": "17CSI01",
        "GioiTinh": "Nam",
        "NgaySinh": "12/04/2003"
    },
    {
        "MaSV": "21661094",
        "HoTen": "ĐỖ ĐĂNG KHOA",
        "Lop": "17CSI01",
        "GioiTinh": "Nam",
        "NgaySinh": "16/02/2003"
    },
    {
        "MaSV": "21662008",
        "HoTen": "Trần Ngọc Khoa",
        "Lop": "17CSI01",
        "GioiTinh": "Nam",
        "NgaySinh": "28/07/2002"
    },
    {
        "MaSV": "21661031",
        "HoTen": "Nguyễn Hồng Lạc",
        "Lop": "17CSI01",
        "GioiTinh": "Nữ",
        "NgaySinh": "24/08/2003"
    },
    {
        "MaSV": "21662009",
        "HoTen": "Nguyễn Võ Điền Lâm",
        "Lop": "17CSI01",
        "GioiTinh": "Nam",
        "NgaySinh": "03/09/2003"
    },
    {
        "MaSV": "21662004",
        "HoTen": "PHẠM TẤN LỘC",
        "Lop": "17CSI01",
        "GioiTinh": "Nam",
        "NgaySinh": "18/04/2003"
    },
    {
        "MaSV": "21662015",
        "HoTen": "Lê Tấn Lực",
        "Lop": "17CSI01",
        "GioiTinh": "Nam",
        "NgaySinh": "02/04/2003"
    },
    {
        "MaSV": "21661034",
        "HoTen": "Trần Ngọc Nam",
        "Lop": "17CSI01",
        "GioiTinh": "Nam",
        "NgaySinh": "31/07/2002"
    },
    {
        "MaSV": "21661060",
        "HoTen": "Võ Thị Thúy Ngân",
        "Lop": "17CSI01",
        "GioiTinh": "Nữ",
        "NgaySinh": "26/10/2003"
    },
    {
        "MaSV": "21662018",
        "HoTen": "Phan Thanh Nghĩa",
        "Lop": "17CSI01",
        "GioiTinh": "Nam",
        "NgaySinh": "21/05/2003"
    },
    {
        "MaSV": "21661049",
        "HoTen": "Phạm Thị Thu Nhị",
        "Lop": "17CSI01",
        "GioiTinh": "Nữ",
        "NgaySinh": "26/03/2003"
    },
    {
        "MaSV": "21661035",
        "HoTen": "Nguyễn Thị Mỹ Nhung",
        "Lop": "17CSI01",
        "GioiTinh": "Nữ",
        "NgaySinh": "03/04/2003"
    },
    {
        "MaSV": "21662027",
        "HoTen": "Nguyễn Tấn Phát",
        "Lop": "17CSI01",
        "GioiTinh": "Nam",
        "NgaySinh": "19/09/2003"
    },
    {
        "MaSV": "21661029",
        "HoTen": "Đỗ Ngọc Quang",
        "Lop": "17CSI01",
        "GioiTinh": "Nam",
        "NgaySinh": "12/10/2000"
    },
    {
        "MaSV": "21662034",
        "HoTen": "Nguyễn Văn Sang",
        "Lop": "17CSI01",
        "GioiTinh": "Nam",
        "NgaySinh": "03/09/2002"
    },
    {
        "MaSV": "21662011",
        "HoTen": "Phạm Nhật Tân",
        "Lop": "17CSI01",
        "GioiTinh": "Nam",
        "NgaySinh": "02/11/2003"
    },
    {
        "MaSV": "21662028",
        "HoTen": "Trần Nguyễn Minh Thăng",
        "Lop": "17CSI01",
        "GioiTinh": "Nam",
        "NgaySinh": "17/11/2003"
    },
    {
        "MaSV": "21661054",
        "HoTen": "Hoàng Chí Thanh",
        "Lop": "17CSI01",
        "GioiTinh": "Nam",
        "NgaySinh": "17/05/2003"
    },
    {
        "MaSV": "21661076",
        "HoTen": "NGUYỄN KIM NGỌC THÍCH",
        "Lop": "17CSI01",
        "GioiTinh": "Nữ",
        "NgaySinh": "04/11/2003"
    },
    {
        "MaSV": "21662024",
        "HoTen": "CHÂU LÊ HOÀI THOẠI",
        "Lop": "17CSI01",
        "GioiTinh": "Nam",
        "NgaySinh": "09/11/2003"
    },
    {
        "MaSV": "21661024",
        "HoTen": "Nguyễn Quốc Thuận",
        "Lop": "17CSI01",
        "GioiTinh": "Nam",
        "NgaySinh": "24/10/2003"
    },
    {
        "MaSV": "21662002",
        "HoTen": "Nguyễn Chánh Tín",
        "Lop": "17CSI01",
        "GioiTinh": "Nam",
        "NgaySinh": "01/06/2003"
    },
    {
        "MaSV": "21661006",
        "HoTen": "Nguyễn Phát Triều",
        "Lop": "17CSI01",
        "GioiTinh": "Nam",
        "NgaySinh": "24/02/2003"
    },
    {
        "MaSV": "21662010",
        "HoTen": "Đinh Lương Vĩnh Tú",
        "Lop": "17CSI01",
        "GioiTinh": "Nam",
        "NgaySinh": "10/11/2003"
    },
    {
        "MaSV": "21662026",
        "HoTen": "Bùi Thị Tường Vy",
        "Lop": "17CSI01",
        "GioiTinh": "Nữ",
        "NgaySinh": "22/10/2000"
    }
]